id,name,dept,salary
1,Dottie Schultheiss,Grocery,45781
2,Waylen Thunders,Clothing,80822
3,Brody Jarvie,Kids,66190
4,Gayelord Filipchikov,Books,42374
5,Dennie Maybey,Baby,94028
6,Sharyl Barnes,Industrial,86130
7,Suzanne Landor,Toys,47600
8,Frazier Chaston,Automotive,36599
9,Querida Cawood,Shoes,48900
10,Maribel Danilchik,Computers,52924
11,Lemmie Bedbrough,Health,91457
12,Hatti Caudrey,Industrial,72946
13,Shayla Buckhurst,Grocery,58656
14,Winnie Rostern,Games,93039
15,Dre Le - Count,Health,41194
16,Kalinda Canete,Computers,97074
17,Roana Durnian,Garden,82130
18,Jeth Edginton,Automotive,56624
19,Moreen Flaxon,Beauty,90140
20,Ilaire Rogeron,Tools,83493
21,Trev Mayes,Movies,95193
22,Ado Colbron,Movies,66790
23,Donnie Curtoys,Toys,92714
24,Brear Monelle,Tools,92448
25,Guy Basley,Clothing,66823
26,Artemus Goghin,Industrial,35521
27,Sly Shimwell,Clothing,44164
28,Sky Capell,Automotive,75290
29,Thebault Gantz,Beauty,78363
30,Andrej Junes,Clothing,79580
31,Faith Slimm,Music,60694
32,Ariana Andersson,Computers,88789
33,Cristie Wiles,Jewelery,89546
34,Tobi Wimpress,Music,80211
35,Dylan Sopp,Shoes,36352
36,Agatha Millions,Jewelery,74334
37,Jay Thowless,Clothing,35206
38,Rivkah McEvoy,Electronics,89340
39,Carol Kyffin,Movies,75355
40,Krishna Celier,Outdoors,67667
41,Levey Wringe,Kids,99118
42,Marlin Matyas,Health,41396
43,Camey Postlethwaite,Kids,83958
44,Gilberte Weddeburn,Beauty,72068
45,Jorge Daintrey,Movies,87029
46,Rhodie Havesides,Electronics,59512
47,Borden Ungerer,Music,97256
48,Thatch Izac,Electronics,56112
49,Tamra Duggan,Clothing,73436
50,Dion Sabates,Computers,90123
51,Peirce Trenchard,Electronics,64377
52,Worthy Bittlestone,Jewelery,95974
53,Karilynn Hamman,Beauty,61220
54,Rem Juszczak,Kids,74972
55,Innis Soots,Tools,95835
56,Miguel Gerring,Movies,80325
57,Bamby Fownes,Beauty,38597
58,West Ohms,Clothing,86364
59,Marcus Munton,Clothing,88217
60,Elsa Bishopp,Home,64215
61,Dru Brimham,Electronics,87230
62,Cooper Shearwood,Beauty,46121
63,Dru Willmot,Books,46099
64,Mycah Bastable,Clothing,59602
65,Abbott Daintier,Toys,70653
66,Donna Eisenberg,Automotive,42579
67,Adam Toor,Grocery,63426
68,Giralda Matfield,Home,72490
69,Dorotea Franzelini,Movies,96714
70,Graeme Crehan,Computers,78360
71,Evy MacKniely,Books,73541
72,Verla Udden,Beauty,67214
73,Doralyn Ullett,Tools,84396
74,Kayne Lopez,Movies,71979
75,Karilynn Baudesson,Grocery,73292
76,Joby Veltmann,Industrial,46066
77,Nicole Gallahue,Grocery,68743
78,Stace McIlraith,Jewelery,37367
79,Dulcie Hardington,Tools,87225
80,Madonna O'Kieran,Tools,41892
81,Colleen Doohey,Health,39434
82,Ernestine Hayne,Beauty,59673
83,Olga Eymor,Sports,96628
84,Electra Karpman,Grocery,48941
85,Dominique Berthomier,Movies,67676
86,Broderic Wales,Electronics,55542
87,Rees Dingwall,Sports,87167
88,Brandea Turnor,Movies,82689
89,Carlos Ludlow,Kids,71125
90,Gil Colebeck,Garden,49584
91,Erastus Broadwell,Garden,45176
92,Lucille Keiley,Electronics,91811
93,Chelsie Haydney,Sports,81683
94,Arline Constantine,Grocery,70667
95,Rochell Matejovsky,Automotive,78389
96,Rene Renol,Jewelery,63144
97,Carol-jean Taveriner,Garden,87783
98,Roxana Enoch,Tools,60971
99,Erika Filippi,Jewelery,59583
100,Gerri Rishworth,Movies,77454
101,Abbie Grove,Grocery,51704
102,Lonee MacKissack,Baby,95698
103,Kincaid Large,Shoes,49681
104,Steffie Punton,Electronics,72589
105,Mahmoud Healing,Automotive,78850
106,Rochester Mouatt,Industrial,43418
107,Celisse Rigardeau,Industrial,75400
108,Maegan Ireland,Health,38575
109,Janelle Dufaire,Health,83366
110,Yale Itzcovichch,Books,74622
111,Violette McFie,Automotive,74977
112,Bartholomew Debell,Electronics,69551
113,Melita Keaves,Shoes,84193
114,Rem Mugglestone,Outdoors,48986
115,Keelby Stallibrass,Kids,61344
116,Susannah Holwell,Jewelery,52825
117,Kasper Pettiford,Kids,35040
118,Ashley Rowling,Kids,37725
119,Sherwood Khadir,Grocery,81158
120,Claudell De Mars,Baby,94097
121,Darcy Wharton,Toys,75094
122,Heinrick Fernando,Sports,70816
123,Joey Fullylove,Baby,89861
124,Lea Heasman,Garden,46134
125,Lianne Hutton,Shoes,47969
126,Genni Ox,Tools,59685
127,Sapphira Simchenko,Games,96165
128,Granger Capozzi,Beauty,71612
129,Evelin MacLeod,Tools,89407
130,Reg Smithin,Computers,83370
131,Elberta Pagen,Jewelery,85962
132,Claudelle Wannan,Books,59133
133,Willa Bunker,Sports,91433
134,Marta Curgenven,Outdoors,83043
135,Ximenez Cassie,Clothing,56527
136,Philly Dikelin,Grocery,52881
137,Corinne Falla,Toys,68463
138,Beitris Cragoe,Tools,57525
139,Vallie Gotthard,Toys,71765
140,Margaret Latus,Outdoors,59805
141,Grayce Hobble,Toys,54567
142,Syman Lavigne,Automotive,35850
143,Vita Huggan,Baby,66202
144,Hedi Odlin,Home,56085
145,Talbert Poston,Health,61582
146,Terrye Giblett,Grocery,68452
147,Benn Speller,Baby,50872
148,Isacco Inch,Baby,53737
149,Arte Riseborough,Jewelery,67492
150,Giavani Algeo,Shoes,60815
151,Antonio Riseborough,Industrial,67109
152,Nels Farquhar,Movies,64473
153,Krisha Izaks,Computers,93908
154,Guenna Mattschas,Clothing,89330
155,Diane Goody,Jewelery,67823
156,Carson Schrei,Tools,48938
157,Pren Youde,Grocery,40269
158,Krispin Midlane,Sports,50690
159,Terence Couch,Grocery,62917
160,Opaline Drinkale,Tools,64594
161,Garnette Janusik,Sports,73232
162,Bendicty Fishpoole,Kids,54487
163,Sophie Stroobant,Garden,79230
164,Sidnee Craighall,Outdoors,67510
165,Georgianna Edwinson,Shoes,86608
166,Thomasa Rushmere,Music,82409
167,Franni Jezard,Books,52688
168,Trudy Jozef,Shoes,78129
169,Craig Codrington,Shoes,47029
170,Shem Iggulden,Clothing,48027
171,Vasily Whooley,Beauty,56121
172,Kyle Garralts,Computers,48789
173,Gaye Branthwaite,Home,62203
174,Adella Boice,Movies,96227
175,Pierson Ajam,Toys,61644
176,Gavrielle Ferrarone,Garden,93167
177,Shamus Scherer,Music,40924
178,Kaylil De Michele,Kids,44417
179,Victoria Groundwator,Toys,86414
180,Gavan Chatten,Sports,98402
181,Riley Sarton,Toys,96624
182,Germayne Cantillion,Health,58904
183,Inessa Ride,Books,68287
184,Olivie Iacomettii,Industrial,38171
185,Godiva Bullick,Clothing,65188
186,Milli Dugmore,Toys,66251
187,Arturo Barnwille,Baby,88322
188,Slade Woodyer,Books,84565
189,Bambie Heiden,Clothing,36003
190,Immanuel Rait,Movies,78236
191,Byran Bottrell,Kids,72952
192,Bogart Paullin,Health,69416
193,Giorgio Collumbell,Automotive,73269
194,Guenevere Pargent,Shoes,66446
195,Stoddard Amberson,Games,45640
196,Valentine Spuner,Shoes,52053
197,Pall Bentje,Shoes,39110
198,Abbi Macklam,Baby,40871
199,Brandice Assard,Games,55423
200,Odele McKibbin,Electronics,90862
201,Rick Groundwater,Clothing,65752
202,Rena Ackenson,Movies,70843
203,Adora Burker,Books,94873
204,Mar Burgisi,Music,82903
205,Dena Balderstone,Shoes,91205
206,Nita Wingfield,Sports,78441
207,Stacee Tacey,Grocery,91813
208,Amaleta Swinerd,Clothing,92487
209,Wain Tripon,Garden,89570
210,Bran Goodhew,Music,94618
211,Dal Arber,Kids,42018
212,Griffy Josef,Clothing,80427
213,Tamiko Brasted,Baby,82037
214,Hilary De Marchi,Automotive,52662
215,Lyman Smythin,Toys,75373
216,Emilio Scotchbrook,Books,63592
217,Harlene Presnell,Health,68141
218,Consuelo Murrthum,Music,49278
219,Ameline Kondratovich,Grocery,76607
220,Hasheem Doby,Health,41040
221,Elna Eayres,Clothing,61332
222,Barbie Cuesta,Clothing,56773
223,Esra Grutchfield,Kids,66918
224,Petronille McVane,Garden,93893
225,Ursula Auguste,Computers,91977
226,Pamelina Plinck,Shoes,80864
227,Darcy Creboe,Games,99821
228,Max Thalmann,Electronics,65631
229,Kristina Darlow,Beauty,42891
230,Colin Barff,Garden,77896
231,Trenton Horley,Movies,76585
232,Dorey Jakubovski,Electronics,74473
233,Martica Taylder,Beauty,89457
234,Farlie Dewerson,Movies,95975
235,Cleo Giraths,Music,74052
236,Randee Bradnock,Health,53923
237,Ivette Bownes,Clothing,97146
238,Codie Leipnik,Electronics,92893
239,Monte Burnsyde,Outdoors,70105
240,Konstance Voisey,Shoes,68857
241,Jessica Leger,Books,74810
242,Myrlene Strattan,Movies,85629
243,Ethelin Biasi,Baby,46782
244,Averil Sleford,Games,49488
245,Web Eke,Baby,61755
246,Cary Featonby,Movies,91255
247,Isabelle Bassick,Clothing,68190
248,Chad Wayne,Movies,53137
249,Hew Pellett,Home,63222
250,Shellysheldon Lamborn,Jewelery,61206
251,Pier Nodin,Baby,38601
252,Millie Goodbur,Outdoors,61681
253,Aaren Chipchase,Tools,57040
254,Charles Beard,Shoes,57679
255,Connie Grishinov,Automotive,69382
256,Clementine Rockwell,Outdoors,98840
257,Demetra Trivett,Books,83175
258,Allistir Troppmann,Industrial,95567
259,Abram Winship,Grocery,45159
260,Vallie Rymer,Automotive,83204
261,Galven Steanson,Jewelery,64830
262,Nadiya Smalley,Computers,94587
263,Martie Borless,Tools,76539
264,Sindee A'field,Sports,92810
265,Ardyce Staining,Computers,58883
266,Tracee Thomassin,Clothing,89831
267,Aridatha Harbage,Tools,92158
268,Corilla Busek,Automotive,96623
269,Alard FitzGilbert,Clothing,83190
270,Auberon Calderon,Baby,88622
271,Harcourt Cescotti,Toys,60198
272,Irwin Tovey,Computers,58109
273,Babette Yanuk,Beauty,43910
274,Hasheem Evitt,Beauty,57931
275,Jeno Benninger,Health,55499
276,Constantia Cicchillo,Jewelery,89228
277,Justinn Lindwasser,Music,77320
278,Stanfield Sayton,Shoes,56601
279,Riccardo Cramer,Clothing,41208
280,Rab Byatt,Home,88727
281,Constancy Northleigh,Home,75196
282,Ailbert Shepstone,Outdoors,98324
283,Sonia Lockett,Shoes,79138
284,Mitch Pfeiffer,Toys,87659
285,Darsey MacAllester,Industrial,55872
286,Candis Leavey,Jewelery,45402
287,Bernarr Petruk,Movies,69689
288,Rawley Heigho,Shoes,82670
289,Esme Crebo,Baby,69910
290,David O'Kynsillaghe,Sports,69128
291,Demott McClifferty,Computers,89122
292,Lindsay Rivard,Grocery,53708
293,Cookie Spencer,Baby,96969
294,Gizela Townshend,Outdoors,52788
295,Gray Devennie,Beauty,69958
296,Verla Mennell,Kids,55314
297,Jacqueline Trenoweth,Grocery,75184
298,Aube Catenot,Home,52399
299,Enoch Aleevy,Kids,45825
300,Wanda Dominick,Garden,48954
301,Babs Deplacido,Beauty,51205
302,Nataniel Behneke,Books,95459
303,Melina Attridge,Outdoors,78466
304,Yance Robertsen,Home,90470
305,Mercie Haly,Garden,55683
306,Jennie Bolens,Grocery,96174
307,Rebekkah Doll,Beauty,62728
308,Basilio Prime,Home,44544
309,Joy Theodore,Toys,49468
310,Lyn Pinck,Computers,82947
311,Keary Manoelli,Grocery,97133
312,Ev Mariolle,Kids,65650
313,Reinhold Lusher,Sports,74152
314,Hurleigh Eard,Grocery,74806
315,Daven Chapell,Clothing,71364
316,Blakeley Jorg,Baby,40180
317,Xavier Disley,Movies,69258
318,Storm Bute,Clothing,80128
319,Cindi Segoe,Automotive,35691
320,Alvira Tiffin,Computers,74485
321,Gloriane Bamb,Baby,95088
322,Keen Demanche,Games,52385
323,Warren Helder,Baby,35795
324,Auberon Sloat,Shoes,50693
325,Niccolo Swadon,Shoes,45344
326,Porter Kersaw,Electronics,92049
327,Tootsie Cranidge,Movies,66747
328,Mercie Craydon,Industrial,64578
329,Bary Nowakowska,Music,54614
330,Holly Wheildon,Baby,72224
331,Garvy Traill,Games,65436
332,Mylo Pattini,Toys,82001
333,Earle Gavagan,Electronics,73406
334,Lisbeth Joseff,Garden,90432
335,Kristine Royste,Home,56851
336,Flemming Sheavills,Grocery,87983
337,Maddy Hambrick,Beauty,43313
338,Ingunna McOrkil,Computers,61844
339,Lyndsey Danko,Garden,92000
340,Leelah Ostick,Toys,74755
341,Alverta Willshire,Automotive,45639
342,Fiona Hawley,Health,54650
343,Junie Jaher,Health,98934
344,Davidson Dodshun,Games,68361
345,Joli Aplin,Computers,36940
346,Abbi Nance,Outdoors,51428
347,Yolande Braiden,Garden,90265
348,Candra Madner,Automotive,63688
349,Yolanthe McCrohon,Electronics,70271
350,Lavinie Yakunikov,Grocery,38826
351,Amelie Sked,Toys,93198
352,Tirrell Franchyonok,Shoes,89510
353,Edwin Woolforde,Electronics,38009
354,Gwennie Mansuer,Music,36102
355,Maurizia Matyugin,Baby,40451
356,Britta Iglesias,Movies,89914
357,Amil Stockall,Toys,79187
358,Aile Kingswell,Kids,75575
359,Isidro O'Donnell,Sports,69311
360,Tonya Cannaway,Tools,91075
361,Silvester Seviour,Computers,75174
362,Maxi Snelman,Outdoors,91223
363,Noel Lumsdon,Tools,51587
364,Tarra Bryceson,Movies,51808
365,Osmund Marchant,Music,87229
366,Dreddy Balding,Movies,66993
367,Demetris Day,Electronics,99495
368,Marna Hallyburton,Baby,76967
369,Melisa Bariball,Kids,41921
370,Sterne Allcott,Toys,90200
371,Renelle Brocklehurst,Kids,67922
372,Raff Dy,Music,46153
373,Artie Rottgers,Computers,82291
374,Edmund Penwell,Computers,68539
375,Lothario Morgue,Automotive,63326
376,Rollin Farden,Kids,95168
377,Nollie Lockart,Movies,64778
378,Haskel Dumingos,Clothing,93061
379,Carmine Ladds,Automotive,64050
380,Thaine Mulvenna,Books,81877
381,Amii Normanville,Outdoors,91492
382,Cristiano Kubiak,Clothing,77713
383,Daryl Callcott,Jewelery,74610
384,Devan Sivell,Electronics,67337
385,Hyatt Kembrey,Clothing,84693
386,Fremont Delcastel,Home,40258
387,Holly Stollberger,Clothing,55740
388,Ellwood Filip,Kids,40839
389,Johnna Blondin,Outdoors,38709
390,Persis Kebell,Baby,47754
391,Theobald McAulay,Movies,42557
392,Ferrell Witard,Beauty,87041
393,Caz Jump,Toys,91185
394,Billy Nellen,Automotive,88169
395,Nathanial Doodson,Kids,89460
396,Skell Sivewright,Beauty,62971
397,Celestina Matuszkiewicz,Kids,87031
398,Flor Keppie,Garden,89293
399,Gran Jagiello,Jewelery,72614
400,Armin McCullouch,Clothing,76825
401,Yuma Gribbell,Clothing,44791
402,Krispin Oulner,Electronics,44423
403,Roderich Brumbie,Clothing,73276
404,Emlen Josebury,Books,64617
405,Edna Lochhead,Jewelery,41634
406,Benjie Larvin,Clothing,66145
407,Jacinda Doret,Games,71787
408,Kathrine Rannie,Games,58229
409,Karrah Ganderton,Automotive,47190
410,Ruthe Maddern,Kids,44374
411,Crysta Sprade,Toys,60624
412,Alexis Durling,Clothing,65885
413,Bernardo Pinshon,Electronics,59714
414,Rouvin Birts,Books,68805
415,Nick Erickssen,Industrial,41111
416,Suzy Chasson,Toys,57005
417,Fernande Sammes,Garden,78759
418,Alberta Pfeiffer,Garden,88087
419,King Crose,Beauty,52887
420,Tanitansy Whitwam,Sports,75174
421,Amalle Lambot,Sports,70734
422,Adolf Dickons,Outdoors,50095
423,Mireielle Ayliff,Clothing,95342
424,Rona Millard,Computers,58717
425,Fidel O'Dougherty,Toys,46097
426,Ilario Hane,Books,56762
427,Ethelda Klaff,Jewelery,61712
428,Sher Larratt,Toys,62167
429,Kara-lynn Archibold,Clothing,44675
430,Starlin Petty,Jewelery,98318
431,Darlene Stennes,Clothing,97909
432,Lindie Duchatel,Tools,91958
433,Augustus Coysh,Garden,60999
434,Paddy Lawley,Books,67224
435,Ruggiero Cannavan,Grocery,68988
436,Jerrie Willwood,Toys,55891
437,Georgianne McAvey,Shoes,68729
438,Sol Grimley,Computers,87794
439,Renae Perrelli,Toys,40581
440,Patience Coldrick,Clothing,61187
441,Allin Worlock,Industrial,47556
442,Nikolai Dusting,Clothing,68825
443,Jeth Binton,Kids,43448
444,Jens Bruckenthal,Jewelery,49950
445,Kelley Gurge,Grocery,88502
446,Sullivan Iglesias,Movies,57451
447,Karim Wilcott,Outdoors,64570
448,Cissiee Fredy,Computers,91880
449,Friederike Clausen-Thue,Home,40423
450,Stephanus Cadwell,Music,81604
451,Alisun Boullen,Jewelery,36954
452,Pammi Rablan,Clothing,91632
453,Corry Aitken,Books,84830
454,Leeanne Farnon,Industrial,95924
455,Dorris Haselgrove,Baby,39301
456,Meggie Tierney,Garden,82034
457,Nefen Studdard,Shoes,46895
458,Juliann Nestoruk,Home,56978
459,Paquito Huyton,Shoes,94612
460,Dasya Renshall,Health,60735
461,Bobbi Harmon,Shoes,78934
462,Pacorro Pavic,Shoes,71132
463,Darell Lambertz,Shoes,70517
464,Claudianus Emloch,Sports,82816
465,Guthry Mulqueeny,Jewelery,96832
466,Kary Madison,Home,41260
467,Helli Sturmey,Outdoors,80662
468,Pierson Blees,Toys,48262
469,Sal Wolseley,Baby,90925
470,Pia Raoult,Games,57666
471,Jarib Livsey,Movies,35970
472,Herrick Byrd,Shoes,53466
473,Norrie Hoyland,Jewelery,71693
474,Jeramey Le Prevost,Computers,85139
475,Kalinda Doerr,Sports,59733
476,Melisandra Costell,Games,40101
477,Cleavland Beaford,Baby,63920
478,Llywellyn Emanuelov,Games,60708
479,Margarete Semered,Jewelery,58481
480,Penny Cammock,Outdoors,87524
481,Saraann Maymond,Baby,81495
482,Patrice Champ,Grocery,85357
483,Abbey Stops,Shoes,60055
484,Odille Spaduzza,Sports,68300
485,Eda Delong,Kids,82974
486,Jackqueline Scneider,Industrial,99663
487,Georgia Ditchfield,Outdoors,37081
488,Briano Blucher,Movies,49558
489,Herb Blaymires,Books,39639
490,Vladamir Wabb,Industrial,71755
491,Rachelle Blogg,Garden,91125
492,Bert Chesshire,Outdoors,84302
493,Rodolph Temperley,Movies,63536
494,Jarad Lavalle,Jewelery,37703
495,Marcel McCrachen,Games,62220
496,Rae Dows,Home,73794
497,Evangelina Potkin,Tools,35713
498,Ansel McColl,Beauty,50673
499,Adolf Benitez,Baby,53935
500,Alexis Mc Trusty,Electronics,56607
501,Marthe Lapping,Shoes,77146
502,Allene Llewhellin,Clothing,99531
503,Inez Littlejohns,Health,71262
504,Brenna Cressor,Music,57720
505,Estella Ikins,Music,68502
506,Annnora Wetherell,Movies,70379
507,Ursala Emerson,Kids,64708
508,Bethena Kordovani,Computers,72252
509,Otto Wogan,Grocery,38612
510,Diarmid Pioch,Kids,79893
511,Cookie Asbery,Grocery,57463
512,Tallie Cantillon,Kids,95733
513,Raphaela Trowl,Jewelery,78104
514,Cos Whitmell,Jewelery,67992
515,Stanislaw Stadding,Books,91131
516,Munroe Sansam,Outdoors,56635
517,Arnie Enderlein,Outdoors,72082
518,Rob Willatt,Health,63498
519,Lewie Ivey,Books,72976
520,Em Glanister,Books,90510
521,Aura Thowes,Sports,60565
522,Annabell Guidoni,Automotive,69908
523,Suzi McCauley,Shoes,86246
524,Ad Marchiso,Computers,54941
525,Denys Devonport,Kids,52750
526,Davidson Lowings,Health,94500
527,Tallie Wolfer,Beauty,48876
528,Koral Caser,Baby,55878
529,Feliks Steele,Garden,41505
530,Dian Barringer,Health,82900
531,Eben Eustanch,Sports,75902
532,Westbrooke Capnerhurst,Beauty,35101
533,Homerus Plover,Games,71862
534,Adah Simcoe,Sports,53364
535,Corny Snell,Kids,61485
536,Darb Burkin,Kids,84502
537,Care Beamson,Games,58331
538,Woody Diegan,Garden,45266
539,Luise Totton,Kids,95777
540,Cammy Cobden,Industrial,46481
541,Alwyn Selley,Books,73219
542,Gabriello Stoate,Garden,53426
543,Omar Knibbs,Beauty,75847
544,Farley Arnaut,Computers,58411
545,Rowan Kisbey,Shoes,50389
546,Kirsti McCafferky,Computers,63488
547,Esteban Sellars,Automotive,38280
548,Obie Ponnsett,Automotive,50681
549,Andy Breffit,Shoes,45643
550,Clementia Sitford,Computers,86817
551,Nat Lally,Grocery,66874
552,Hastie Mingay,Grocery,57851
553,Sue Waller-Bridge,Computers,82174
554,Marsiella Ferrini,Toys,42080
555,Dar MacNalley,Outdoors,48915
556,Fredek Ruxton,Industrial,96118
557,Ashton Fishpond,Garden,98896
558,Dru McIlmorie,Toys,44615
559,Gordie Izachik,Grocery,90022
560,Ysabel Ryal,Clothing,46534
561,Erhard Riddiough,Beauty,69389
562,Faith Gudgeon,Automotive,54457
563,Gilligan Alred,Tools,48385
564,Janie Mark,Books,39060
565,Odella Cominotti,Health,65265
566,Tyrone Mackison,Industrial,82507
567,Marie-jeanne Lippo,Clothing,41197
568,Cymbre Reggiani,Industrial,97172
569,Armstrong January,Baby,55116
570,Tallie Kleinert,Clothing,52145
571,Amye Ligerton,Outdoors,38237
572,Rebbecca Shimoni,Jewelery,97271
573,Sheri Banfill,Baby,79531
574,Hamlen Yellowlees,Clothing,66226
575,Brose Zecchinelli,Home,69309
576,Carlota Kuban,Music,72132
577,Dane Aneley,Jewelery,55976
578,Russ Engelmann,Automotive,41041
579,Cleve Linnell,Health,47584
580,Cyndia King,Beauty,82501
581,Godiva Cianni,Clothing,56344
582,Ryley Fuzzens,Beauty,60293
583,Alvera Cluley,Home,80271
584,Hazlett Alfonso,Industrial,77918
585,Chicky Brann,Kids,45999
586,Helga Danilovitch,Music,87475
587,Danny Ibanez,Baby,84092
588,Eve Shearsby,Garden,73767
589,Kore Delwater,Tools,64775
590,Kristina Airlie,Electronics,96539
591,Eustace Collip,Movies,88791
592,Lynelle MacNamee,Industrial,74787
593,Georgia O'Fallone,Shoes,73591
594,Ermentrude Calcraft,Beauty,84569
595,Alan Duchatel,Movies,42918
596,Homere Luttger,Outdoors,69882
597,Dalston Harkus,Shoes,64790
598,Lesly Tuny,Toys,56893
599,Artus Dreghorn,Grocery,96652
600,Jazmin Babalola,Sports,83277
601,Lenci Kilrow,Baby,45274
602,Selinda Sprigg,Baby,66651
603,Davis Janowski,Tools,84356
604,Dieter Miners,Automotive,72862
605,Rog Parren,Industrial,79937
606,Odell Rycraft,Automotive,97932
607,Shana Gockelen,Outdoors,53978
608,Angelico Wedon,Sports,41464
609,Kerr Pender,Outdoors,84421
610,Darn Dinsell,Home,74273
611,Chandler Degg,Outdoors,62120
612,Odelle Novic,Shoes,91256
613,Kym Dickon,Clothing,44269
614,Gard McCome,Books,73601
615,Glynn Sisey,Sports,55905
616,Kakalina Jiracek,Baby,61703
617,Wright Coyne,Toys,35631
618,Norene Navarro,Games,37882
619,Kristen Battison,Tools,83342
620,Tara Knuckles,Computers,59450
621,Chrystel Grzelczyk,Kids,54510
622,Grete Docksey,Clothing,79294
623,Hewitt Bahia,Sports,50180
624,Osborne Frank,Grocery,50732
625,Lodovico Evins,Sports,41219
626,Ardelis Lerego,Electronics,95299
627,Wes Shimoni,Electronics,37485
628,Luci Laytham,Jewelery,49229
629,Rivy Beddoe,Computers,38429
630,Biron Careswell,Home,77038
631,Antonius Aleshintsev,Industrial,90900
632,Norris Hugnot,Outdoors,82131
633,Gianna Quipp,Clothing,50614
634,Connor Jozefczak,Movies,53175
635,Gallagher Pearle,Garden,35204
636,Sinclare Darinton,Jewelery,40706
637,Ricardo Faichnie,Automotive,46066
638,Shadow Jeaves,Beauty,56860
639,Royce McGrouther,Jewelery,68204
640,Minny Mannix,Music,87211
641,Biron Cicccitti,Clothing,60590
642,Ranna McIlvenny,Clothing,57701
643,Eli Gawne,Jewelery,68868
644,Elspeth Hobell,Health,98800
645,Shirl Grasser,Tools,87167
646,Seana Ockenden,Beauty,71833
647,Bendick Currey,Electronics,85832
648,Nell Doring,Garden,96987
649,Dewey Kraft,Music,41516
650,Gae Ferrulli,Beauty,46335
651,Salli Tomicki,Games,68118
652,Vickie Tapsell,Outdoors,55152
653,Galven Bapty,Beauty,41933
654,Zarla Junkin,Music,93293
655,Haley McClements,Sports,43575
656,Nonna Lapenna,Electronics,63604
657,Hillard Skingley,Toys,88185
658,Pennie Di Maria,Jewelery,48930
659,Marie-ann Paten,Toys,39731
660,Wit Rentoll,Grocery,97158
661,Estel Casson,Games,46699
662,Rey Kaindl,Garden,42996
663,Lodovico O' Mulderrig,Music,95826
664,Robert Cuddehy,Shoes,57592
665,Sigmund Broadwood,Sports,58573
666,Naomi Allibon,Games,85519
667,Elenore Linkie,Outdoors,81647
668,Angil Sherrett,Music,77157
669,Kelsi O'Connor,Tools,73384
670,Davina Pirdy,Movies,84507
671,Jayson Linder,Computers,60980
672,Barbaraanne Harriskine,Baby,79118
673,Cilka Baribal,Automotive,76136
674,Aundrea Steuart,Electronics,69169
675,Dionysus Verrick,Toys,81898
676,Amelia Howley,Movies,42062
677,Ruthi Cominetti,Tools,88396
678,Jeremie Lensch,Grocery,67541
679,Hildy Flintoff,Baby,39854
680,Wynn Korpal,Automotive,35343
681,Gui Pulhoster,Clothing,70444
682,Noni Saile,Home,48677
683,Katrine Lamasna,Home,85651
684,Mabelle Zotto,Movies,95932
685,Harp Black,Garden,44291
686,Ursula Cleary,Shoes,99879
687,Eleonore Undrill,Automotive,39671
688,Ring Gatherer,Music,42331
689,Selene Sherrock,Tools,69662
690,Manuel Branche,Beauty,36109
691,Arthur Braywood,Clothing,41034
692,Cordula Fairley,Jewelery,36052
693,Bevan Faudrie,Games,74581
694,Ruthe Panton,Tools,39948
695,Baryram Pierpoint,Electronics,55854
696,Frederique Daveley,Toys,87404
697,Audrie Andrassy,Garden,75893
698,Kimbell Hicks,Games,39224
699,Marnia McQuin,Garden,64376
700,Jessee Learie,Shoes,76453
701,Miles Fantham,Home,47688
702,Fran Rubinivitz,Shoes,66522
703,Ignaz Ditchett,Automotive,55877
704,Mendie Malyj,Electronics,89855
705,Lorene Tydd,Shoes,60982
706,Gray Grimsdike,Outdoors,88626
707,Caspar Garnson,Games,62380
708,Caryl Rosson,Jewelery,95908
709,Zak Wrighton,Industrial,64621
710,Karole Sealeaf,Baby,71306
711,Oswald McLurg,Music,91520
712,Leupold Sessions,Shoes,76585
713,Marie Powles,Kids,85515
714,Hetti Buckel,Kids,44165
715,Ashlan Saphir,Music,48600
716,Mychal Wornham,Music,96584
717,Patsy Wallbridge,Toys,60975
718,Kerianne Bushrod,Music,59006
719,Hana Cargenven,Electronics,99585
720,Alexine Kindleysides,Home,90700
721,Estel Longland,Beauty,57275
722,Jan Baldery,Games,36734
723,Berget Henbury,Garden,61883
724,Freddy Luciani,Garden,96879
725,Wells Wandless,Shoes,46574
726,Franky Maunders,Health,54733
727,Knox Mouatt,Sports,48343
728,Chrissy Sleath,Beauty,71650
729,Gene Nester,Kids,37411
730,Evie Chaffe,Movies,83455
731,Shelley Case,Movies,54781
732,Raimondo Mattusevich,Home,67252
733,Bond Bunten,Kids,44410
734,Gaynor Zorzenoni,Computers,69847
735,Dyana Warcop,Grocery,41859
736,Elie Witherup,Movies,77349
737,Beatrice Quarry,Outdoors,73553
738,Vince Gaynor,Home,42096
739,Augustina Gudgeon,Electronics,85620
740,Vita Santino,Outdoors,65457
741,Amber Skeats,Garden,93383
742,Wildon Devenport,Toys,79208
743,Tracie McGowran,Music,63151
744,Dionne Rawsthorne,Games,93603
745,Yule Antonchik,Automotive,50051
746,Concettina Richardson,Sports,81794
747,Gray McQuarrie,Health,70419
748,Meir Ayree,Movies,51200
749,Julie Brannigan,Movies,79679
750,Briana Symmons,Garden,94495
751,Chaddy Aumerle,Music,73671
752,Ida Moodey,Beauty,82295
753,Emmery Bowlas,Home,80455
754,Godart Gricewood,Garden,43032
755,Prent Gurley,Beauty,54757
756,Skipper Crossby,Home,99455
757,Barbabra Illiston,Industrial,87154
758,Ingar Lonnon,Sports,64075
759,Levin Padbury,Automotive,50833
760,Mabelle Boorn,Games,71626
761,Hatti Bushel,Grocery,59687
762,Thatch Rotham,Clothing,81956
763,Candie Shuttle,Shoes,56259
764,Chiquia Dedden,Garden,84991
765,Tillie Muirhead,Grocery,52650
766,Maryellen Vaadeland,Kids,57534
767,Coleen Sibbert,Sports,52928
768,Monty Martynov,Sports,70601
769,Gun Djurkovic,Games,76792
770,Clare O'Kelly,Garden,71597
771,Hendrika Braun,Garden,79343
772,Poul Selcraig,Health,69920
773,Mildrid Blaschek,Outdoors,77957
774,Hillier Coate,Computers,48827
775,Rosalynd Sparshutt,Sports,88160
776,Bettina Heckle,Games,75904
777,Kippy Starkey,Shoes,83271
778,Etan Honisch,Computers,37607
779,Gerhardt McGlaughn,Computers,55927
780,Ignace Mawd,Beauty,53696
781,Essie Keems,Games,90830
782,Kermit Kohring,Jewelery,75590
783,Karee Kennelly,Jewelery,98748
784,Herta Steven,Home,92128
785,Marlow Wesley,Games,55425
786,Dewitt Guage,Computers,95593
787,Cosme Slevin,Baby,89442
788,Wendie Andrivot,Grocery,90897
789,Shannah Le Noire,Computers,93198
790,Ariel Mazzey,Outdoors,72536
791,Addison Pease,Grocery,38526
792,Gawen Luxmoore,Shoes,85434
793,Patin MacArthur,Outdoors,62885
794,Gasper Dutteridge,Electronics,79072
795,Jacquette Lowrie,Computers,49450
796,Corrina Glave,Shoes,39823
797,Axe Bartaletti,Shoes,93045
798,Thane Revens,Shoes,49730
799,Lowe Buffham,Sports,59143
800,Jaclyn Colombier,Movies,39193
801,Wendye Dainty,Sports,71827
802,Georgy Casey,Beauty,82728
803,Kirsten Derisly,Clothing,64213
804,Drew Espin,Tools,77644
805,Fitzgerald Deighton,Electronics,67811
806,Menard Shrubb,Beauty,75844
807,Keelia Dorcey,Clothing,83998
808,Rriocard Garahan,Electronics,99539
809,Roxy Lune,Outdoors,87183
810,Dino Bussons,Health,80979
811,Pat Southwick,Books,56375
812,Greer Mortel,Outdoors,90966
813,Berty Blezard,Jewelery,68203
814,Clarey Klausewitz,Jewelery,89217
815,Ddene Stollberg,Jewelery,94307
816,Geneva Onge,Shoes,43071
817,Selia Rishman,Home,42758
818,Wiatt Bonafacino,Sports,56910
819,Kalinda Piddlesden,Clothing,51763
820,Dulsea Whitehorn,Tools,98407
821,Marjory Gilmartin,Electronics,94720
822,Ceil Carnow,Shoes,48143
823,Wilhelm Pooley,Jewelery,61841
824,Minny Drew-Clifton,Games,61600
825,Orella Walcar,Shoes,80347
826,Wini Doogue,Beauty,99717
827,Daveen Favelle,Electronics,60819
828,Hinda Farraway,Toys,99264
829,Alexandra Huyton,Jewelery,75792
830,Janela Sanchis,Tools,80906
831,Kerianne Moan,Computers,46470
832,Umberto Najara,Books,78997
833,Lilias Prestedge,Computers,57093
834,Stillman Janousek,Music,55820
835,Cookie Brissard,Computers,41481
836,Tuesday Bernucci,Sports,69696
837,Beckie Burling,Clothing,37895
838,Audi Georgius,Shoes,40648
839,Cammy Barde,Music,91237
840,Marabel Maas,Health,41897
841,Abbye Arni,Home,71285
842,Nola Haswell,Home,60589
843,Janna Rebanks,Tools,56706
844,Ariadne Goodie,Tools,36360
845,Arleen Kundert,Jewelery,79204
846,Sarina MacKeeg,Movies,65382
847,Michaeline Bispham,Baby,44704
848,Bibbie Grenkov,Home,90848
849,Gina Voyce,Beauty,94527
850,Elke Ravilus,Industrial,98955
851,Laverna Meacher,Home,76270
852,Baudoin Fitzpayn,Outdoors,99012
853,Candida Richardeau,Computers,44696
854,Barbee Forrestall,Movies,77430
855,Norbie Goede,Jewelery,65509
856,Salomon Willcock,Movies,93988
857,Druci Cleverley,Jewelery,48707
858,Rinaldo Vaudre,Industrial,55696
859,Joelly Stoppe,Movies,91442
860,Nola Ney,Kids,56062
861,Margaretha Cheyenne,Shoes,35443
862,Briggs Skeeles,Electronics,94960
863,Ivonne Robart,Kids,54234
864,Bailey Neenan,Shoes,47736
865,Ade Brouwer,Movies,97875
866,Jonie Collister,Health,57631
867,Joann Kingsnoad,Kids,45054
868,Vi Bindin,Toys,56687
869,Vanna Adolphine,Outdoors,75296
870,Libbie Schutter,Beauty,44761
871,Romonda Falco,Toys,78988
872,Ashbey Roderighi,Industrial,38307
873,Lucias Terram,Computers,41820
874,Reinwald Ferrar,Computers,78423
875,Olympe Glasser,Grocery,81267
876,Charity Orniz,Beauty,64754
877,Evangelin Kerfod,Books,79780
878,Moreen Yakuntsov,Music,61712
879,Sid MacMychem,Jewelery,41263
880,Barby Holtham,Grocery,41376
881,Lisbeth Roly,Movies,65773
882,Katharine Bramhall,Games,78999
883,Georas Moret,Books,98394
884,Tobey Storer,Toys,72022
885,Shanie Corston,Beauty,68927
886,Philippine Cloy,Automotive,91048
887,Nevin Geockle,Garden,57701
888,Gary Dowzell,Music,47655
889,Romy Challenor,Computers,75863
890,Athena Doblin,Computers,68640
891,Camile Scorey,Industrial,41181
892,Raimund Hessel,Toys,61721
893,Jed Burnip,Toys,36919
894,Phylis Adamo,Toys,49950
895,Winonah Cowlin,Games,58115
896,Paulina Froom,Music,60161
897,Dulce Oldnall,Industrial,44914
898,Mariska Lemoir,Books,87362
899,Saunderson Sheal,Grocery,95220
900,Jaynell Ambrogelli,Home,78643
901,Wiatt Ion,Kids,64525
902,Fredericka Furmston,Tools,81717
903,Etta Hartopp,Industrial,87886
904,Stanleigh Von Welldun,Garden,44628
905,Teddie Trevers,Garden,42706
906,Anthia Bolino,Industrial,43164
907,Jerad Trayton,Tools,45360
908,Corny Pittet,Electronics,41395
909,Gertrudis Sansun,Electronics,74662
910,Angela Benoiton,Beauty,96085
911,Court Meakes,Computers,85268
912,Hasheem Segoe,Baby,74369
913,Constancia Doyley,Kids,97349
914,Diahann Pitchers,Kids,38983
915,Neile Measor,Industrial,59507
916,Fee Snowden,Baby,96087
917,Buddie Millier,Home,35266
918,Garth Di Bernardo,Shoes,66714
919,Manda Dami,Baby,88288
920,Xylia Charrette,Music,89665
921,Laughton Spare,Clothing,52010
922,Ninnetta Sent,Toys,58440
923,Efren Scoular,Industrial,70839
924,Marietta Griffoen,Shoes,61913
925,Toby Dykins,Automotive,74662
926,Tiphany Vaughan-Hughes,Health,48707
927,Archy Livesley,Beauty,36817
928,Luciana Eppson,Games,87558
929,Ellwood Dan,Beauty,86032
930,Lucita Maasze,Music,98230
931,Land Lubomirski,Grocery,77485
932,Thekla Cohr,Sports,99384
933,Jolyn Tortoishell,Games,38848
934,Adolphe Davidwitz,Shoes,98723
935,Reinaldos Dullingham,Outdoors,58195
936,Claudian Arrow,Books,54756
937,Willey Hubbuck,Computers,90931
938,Grenville Allbones,Jewelery,54817
939,Lurlene Itzhaki,Music,44755
940,Tiebold Roof,Garden,48552
941,Sileas Merriment,Tools,99394
942,Milly Petrussi,Outdoors,91645
943,Casandra Vanyashin,Baby,59923
944,Sigfrid Stanlike,Home,39663
945,Danna Misselbrook,Automotive,48244
946,Hank D'Cruze,Electronics,84597
947,Sigmund Luparti,Movies,57045
948,Garold Duro,Books,63255
949,Kitty Jiggens,Books,45171
950,Hube Linne,Shoes,78162
951,Rog Pohl,Music,72830
952,Tarah Grene,Beauty,82379
953,Brand Pulteneye,Garden,77762
954,Derrick Element,Sports,52269
955,Lanna Badger,Shoes,97641
956,Say Redmain,Health,71413
957,Berti Hebblewhite,Shoes,81075
958,Sidonia Wilshin,Tools,39957
959,Cosimo Stemp,Tools,67614
960,Hermann McAllaster,Movies,76240
961,Elwyn Korb,Toys,63681
962,Nataline Dodworth,Computers,80942
963,Ula Yielding,Garden,99216
964,Glen Lowrie,Sports,79220
965,Kendre Tivers,Beauty,62757
966,Janaye Yarwood,Home,54091
967,Toma Pimme,Games,69669
968,Edy Beidebeke,Sports,62335
969,Rose Putnam,Shoes,76489
970,Cornelius Cleobury,Toys,36801
971,Hedy De Maria,Health,75096
972,Hoebart Soans,Baby,64797
973,Alvinia Littefair,Games,94808
974,Cornall Janda,Shoes,91935
975,Sonny Fellis,Shoes,53313
976,Carolee Parsley,Clothing,44290
977,Aylmer Ockleshaw,Games,53038
978,Myrtia Gowdy,Games,59527
979,Ericha Woolveridge,Music,49544
980,Adriano Hurren,Shoes,56840
981,Maisie Fiander,Sports,57566
982,Thibaut Rodell,Games,71360
983,Diann Lansdown,Jewelery,66758
984,Ariella Killick,Kids,45635
985,Reiko Spreckley,Computers,86842
986,Malvina Schutter,Industrial,97272
987,Sunny Dulany,Books,45761
988,Jeffy Hunnawill,Kids,82928
989,Bess Chatto,Movies,46297
990,Lark Cregan,Industrial,77351
991,Lane Turbat,Industrial,53040
992,Bobbe Ruppertz,Games,50393
993,Janeen Ebunoluwa,Garden,90063
994,Dante Brodnecke,Shoes,74663
995,Karia McLice,Kids,75663
996,Ody Goodwin,Electronics,65237
997,Avery Le Friec,Clothing,83999
998,Bertha Porter,Sports,52186
999,Dosi Jancey,Shoes,65112
1000,Phylys Stammers,Tools,62298
